video,frame,timestamp_sec,person_count
interview_question_1.webm,1,0.06030150753768845,1
interview_question_1.webm,2,0.1206030150753769,1
interview_question_1.webm,3,0.18090452261306533,1
interview_question_1.webm,4,0.2412060301507538,1
interview_question_1.webm,5,0.30150753768844224,1
interview_question_1.webm,6,0.36180904522613067,1
interview_question_1.webm,7,0.42211055276381915,1
interview_question_1.webm,8,0.4824120603015076,1
interview_question_1.webm,9,0.542713567839196,1
interview_question_1.webm,10,0.6030150753768845,1
interview_question_1.webm,11,0.663316582914573,1
interview_question_1.webm,12,0.7236180904522613,1
interview_question_1.webm,13,0.7839195979899498,1
interview_question_1.webm,14,0.8442211055276383,1
interview_question_1.webm,15,0.9045226130653267,1
interview_question_1.webm,16,0.9648241206030151,1
interview_question_1.webm,17,1.0251256281407035,1
interview_question_1.webm,18,1.085427135678392,1
interview_question_1.webm,19,1.1457286432160805,1
interview_question_1.webm,20,1.206030150753769,1
interview_question_1.webm,21,1.2663316582914574,1
interview_question_1.webm,22,1.326633165829146,1
interview_question_1.webm,23,1.3869346733668342,1
interview_question_1.webm,24,1.4472361809045227,1
interview_question_1.webm,25,1.5075376884422111,1
interview_question_1.webm,26,1.5678391959798996,1
interview_question_1.webm,27,1.628140703517588,1
interview_question_1.webm,28,1.6884422110552766,1
interview_question_1.webm,29,1.7487437185929648,1
interview_question_1.webm,30,1.8090452261306533,1
interview_question_1.webm,31,1.8693467336683418,1
interview_question_1.webm,32,1.9296482412060303,1
interview_question_1.webm,33,1.9899497487437188,1
interview_question_1.webm,34,2.050251256281407,1
interview_question_1.webm,35,2.1105527638190957,1
interview_question_1.webm,36,2.170854271356784,1
interview_question_1.webm,37,2.2311557788944727,1
interview_question_1.webm,38,2.291457286432161,1
interview_question_1.webm,39,2.351758793969849,1
interview_question_1.webm,40,2.412060301507538,1
interview_question_1.webm,41,2.472361809045226,1
interview_question_1.webm,42,2.532663316582915,1
interview_question_1.webm,43,2.592964824120603,1
interview_question_1.webm,44,2.653266331658292,1
interview_question_1.webm,45,2.71356783919598,1
interview_question_1.webm,46,2.7738693467336684,1
interview_question_1.webm,47,2.834170854271357,1
interview_question_1.webm,48,2.8944723618090453,1
interview_question_1.webm,49,2.954773869346734,1
interview_question_1.webm,50,3.0150753768844223,1
interview_question_1.webm,51,3.075376884422111,1
interview_question_1.webm,52,3.1356783919597992,1
interview_question_1.webm,53,3.1959798994974875,1
interview_question_1.webm,54,3.256281407035176,1
interview_question_1.webm,55,3.3165829145728645,1
interview_question_1.webm,56,3.376884422110553,1
interview_question_1.webm,57,3.4371859296482414,1
interview_question_1.webm,58,3.4974874371859297,1
interview_question_1.webm,59,3.5577889447236184,1
interview_question_1.webm,60,3.6180904522613067,1
interview_question_1.webm,61,3.6783919597989954,1
interview_question_1.webm,62,3.7386934673366836,1
interview_question_1.webm,63,3.7989949748743723,1
interview_question_1.webm,64,3.8592964824120606,1
interview_question_1.webm,65,3.919597989949749,1
interview_question_1.webm,66,3.9798994974874375,1
interview_question_1.webm,67,4.040201005025126,1
interview_question_1.webm,68,4.100502512562814,1
interview_question_1.webm,69,4.160804020100503,1
interview_question_1.webm,70,4.2211055276381915,1
interview_question_1.webm,71,4.28140703517588,1
interview_question_1.webm,72,4.341708542713568,1
interview_question_1.webm,73,4.402010050251256,1
interview_question_1.webm,74,4.462311557788945,1
interview_question_1.webm,75,4.522613065326634,1
interview_question_1.webm,76,4.582914572864322,1
interview_question_1.webm,77,4.64321608040201,1
interview_question_1.webm,78,4.703517587939698,1
interview_question_1.webm,79,4.763819095477388,1
interview_question_1.webm,80,4.824120603015076,1
interview_question_1.webm,81,4.884422110552764,1
interview_question_1.webm,82,4.944723618090452,1
interview_question_1.webm,83,5.0050251256281415,1
interview_question_1.webm,84,5.06532663316583,1
interview_question_1.webm,85,5.125628140703518,1
interview_question_1.webm,86,5.185929648241206,1
interview_question_1.webm,87,5.2462311557788945,1
interview_question_1.webm,88,5.306532663316584,1
interview_question_1.webm,89,5.366834170854272,1
interview_question_1.webm,90,5.42713567839196,1
interview_question_1.webm,91,5.4874371859296485,1
interview_question_1.webm,92,5.547738693467337,1
interview_question_1.webm,93,5.608040201005026,1
interview_question_1.webm,94,5.668341708542714,1
interview_question_1.webm,95,5.728643216080402,1
interview_question_1.webm,96,5.788944723618091,1
interview_question_1.webm,97,5.849246231155779,1
interview_question_1.webm,98,5.909547738693468,1
interview_question_1.webm,99,5.969849246231156,1
interview_question_1.webm,100,6.030150753768845,1
interview_question_1.webm,101,6.090452261306533,1
interview_question_1.webm,102,6.150753768844222,1
interview_question_1.webm,103,6.21105527638191,1
interview_question_1.webm,104,6.2713567839195985,1
interview_question_1.webm,105,6.331658291457287,1
interview_question_1.webm,106,6.391959798994975,1
interview_question_1.webm,107,6.452261306532664,1
interview_question_1.webm,108,6.512562814070352,1
interview_question_1.webm,109,6.572864321608041,1
interview_question_1.webm,110,6.633165829145729,1
interview_question_1.webm,111,6.693467336683417,1
interview_question_1.webm,112,6.753768844221106,1
interview_question_1.webm,113,6.814070351758795,1
interview_question_1.webm,114,6.874371859296483,1
interview_question_1.webm,115,6.934673366834171,1
interview_question_1.webm,116,6.994974874371859,1
interview_question_1.webm,117,7.0552763819095485,1
interview_question_1.webm,118,7.115577889447237,1
interview_question_1.webm,119,7.175879396984925,1
interview_question_1.webm,120,7.236180904522613,1
interview_question_1.webm,121,7.2964824120603025,1
interview_question_1.webm,122,7.356783919597991,1
interview_question_1.webm,123,7.417085427135679,1
interview_question_1.webm,124,7.477386934673367,1
interview_question_1.webm,125,7.5376884422110555,1
interview_question_1.webm,126,7.597989949748745,1
interview_question_1.webm,127,7.658291457286433,1
interview_question_1.webm,128,7.718592964824121,1
interview_question_1.webm,129,7.778894472361809,1
interview_question_1.webm,130,7.839195979899498,1
interview_question_1.webm,131,7.899497487437187,1
interview_question_1.webm,132,7.959798994974875,1
interview_question_1.webm,133,8.020100502512564,1
interview_question_1.webm,134,8.080402010050252,1
interview_question_1.webm,135,8.14070351758794,1
interview_question_1.webm,136,8.201005025125628,1
interview_question_1.webm,137,8.261306532663317,1
interview_question_1.webm,138,8.321608040201006,1
interview_question_1.webm,139,8.381909547738694,1
interview_question_1.webm,140,8.442211055276383,1
interview_question_1.webm,141,8.50251256281407,1
interview_question_1.webm,142,8.56281407035176,1
interview_question_1.webm,143,8.623115577889449,1
interview_question_1.webm,144,8.683417085427136,1
interview_question_1.webm,145,8.743718592964825,1
interview_question_1.webm,146,8.804020100502512,1
interview_question_1.webm,147,8.864321608040202,1
interview_question_1.webm,148,8.92462311557789,1
interview_question_1.webm,149,8.984924623115578,1
interview_question_1.webm,150,9.045226130653267,1
interview_question_1.webm,151,9.105527638190955,1
interview_question_1.webm,152,9.165829145728644,1
interview_question_1.webm,153,9.226130653266333,1
interview_question_1.webm,154,9.28643216080402,1
interview_question_1.webm,155,9.34673366834171,1
interview_question_1.webm,156,9.407035175879397,1
interview_question_1.webm,157,9.467336683417086,1
interview_question_1.webm,158,9.527638190954775,1
interview_question_1.webm,159,9.587939698492463,1
interview_question_1.webm,160,9.648241206030152,1
interview_question_1.webm,161,9.708542713567839,1
interview_question_1.webm,162,9.768844221105528,1
interview_question_1.webm,163,9.829145728643217,1
interview_question_1.webm,164,9.889447236180905,1
interview_question_1.webm,165,9.949748743718594,1
interview_question_1.webm,166,10.010050251256283,1
interview_question_1.webm,167,10.07035175879397,1
interview_question_1.webm,168,10.13065326633166,1
interview_question_1.webm,169,10.190954773869347,1
interview_question_1.webm,170,10.251256281407036,1
interview_question_1.webm,171,10.311557788944725,1
interview_question_1.webm,172,10.371859296482413,1
interview_question_1.webm,173,10.432160804020102,1
interview_question_1.webm,174,10.492462311557789,1
interview_question_1.webm,175,10.552763819095478,1
interview_question_1.webm,176,10.613065326633167,1
interview_question_1.webm,177,10.673366834170855,1
interview_question_1.webm,178,10.733668341708544,1
interview_question_1.webm,179,10.793969849246231,1
interview_question_1.webm,180,10.85427135678392,1
interview_question_1.webm,181,10.91457286432161,1
interview_question_1.webm,182,10.974874371859297,1
interview_question_1.webm,183,11.035175879396986,1
interview_question_1.webm,184,11.095477386934673,1
interview_question_1.webm,185,11.155778894472363,1
interview_question_1.webm,186,11.216080402010052,1
interview_question_1.webm,187,11.27638190954774,1
interview_question_1.webm,188,11.336683417085428,1
interview_question_1.webm,189,11.396984924623116,1
interview_question_1.webm,190,11.457286432160805,1
interview_question_1.webm,191,11.517587939698494,1
interview_question_1.webm,192,11.577889447236181,1
interview_question_1.webm,193,11.63819095477387,1
interview_question_1.webm,194,11.698492462311558,1
interview_question_1.webm,195,11.758793969849247,1
interview_question_1.webm,196,11.819095477386936,1
interview_question_1.webm,197,11.879396984924623,1
interview_question_1.webm,198,11.939698492462313,1
interview_question_1.webm,199,12.0,1
interview_question_1.webm,200,12.06030150753769,1
interview_question_1.webm,201,12.120603015075378,1
interview_question_1.webm,202,12.180904522613066,1
interview_question_1.webm,203,12.241206030150755,1
interview_question_1.webm,204,12.301507537688444,1
interview_question_1.webm,205,12.361809045226131,1
interview_question_1.webm,206,12.42211055276382,1
interview_question_1.webm,207,12.482412060301508,1
interview_question_1.webm,208,12.542713567839197,1
interview_question_1.webm,209,12.603015075376886,1
interview_question_1.webm,210,12.663316582914574,1
interview_question_1.webm,211,12.723618090452263,1
interview_question_1.webm,212,12.78391959798995,1
interview_question_1.webm,213,12.84422110552764,1
interview_question_1.webm,214,12.904522613065328,1
interview_question_1.webm,215,12.964824120603016,1
interview_question_1.webm,216,13.025125628140705,1
interview_question_1.webm,217,13.085427135678392,1
interview_question_1.webm,218,13.145728643216081,1
interview_question_1.webm,219,13.20603015075377,1
interview_question_1.webm,220,13.266331658291458,1
interview_question_1.webm,221,13.326633165829147,1
interview_question_1.webm,222,13.386934673366834,1
interview_question_1.webm,223,13.447236180904524,1
interview_question_1.webm,224,13.507537688442213,1
interview_question_1.webm,225,13.5678391959799,1
interview_question_1.webm,226,13.62814070351759,1
interview_question_1.webm,227,13.688442211055277,1
interview_question_1.webm,228,13.748743718592966,1
interview_question_1.webm,229,13.809045226130655,1
interview_question_1.webm,230,13.869346733668342,1
interview_question_1.webm,231,13.929648241206031,1
interview_question_1.webm,232,13.989949748743719,1
interview_question_1.webm,233,14.050251256281408,1
interview_question_1.webm,234,14.110552763819097,1
interview_question_1.webm,235,14.170854271356784,1
interview_question_1.webm,236,14.231155778894474,1
interview_question_1.webm,237,14.291457286432161,1
interview_question_1.webm,238,14.35175879396985,1
interview_question_1.webm,239,14.41206030150754,1
interview_question_1.webm,240,14.472361809045227,1
interview_question_1.webm,241,14.532663316582916,1
interview_question_1.webm,242,14.592964824120605,1
interview_question_1.webm,243,14.653266331658292,1
interview_question_1.webm,244,14.713567839195981,1
interview_question_1.webm,245,14.773869346733669,1
interview_question_1.webm,246,14.834170854271358,1
interview_question_1.webm,247,14.894472361809047,1
interview_question_1.webm,248,14.954773869346734,1
interview_question_1.webm,249,15.015075376884424,1
interview_question_1.webm,250,15.075376884422111,1
interview_question_1.webm,251,15.1356783919598,1
interview_question_1.webm,252,15.19597989949749,1
interview_question_1.webm,253,15.256281407035177,1
interview_question_1.webm,254,15.316582914572866,1
interview_question_1.webm,255,15.376884422110553,1
interview_question_1.webm,256,15.437185929648242,1
interview_question_1.webm,257,15.497487437185931,1
interview_question_1.webm,258,15.557788944723619,1
interview_question_1.webm,259,15.618090452261308,1
interview_question_1.webm,260,15.678391959798995,1
interview_question_1.webm,261,15.738693467336685,1
interview_question_1.webm,262,15.798994974874374,1
interview_question_1.webm,263,15.859296482412061,1
interview_question_1.webm,264,15.91959798994975,1
interview_question_1.webm,265,15.979899497487438,1
interview_question_1.webm,266,16.04020100502513,1
interview_question_1.webm,267,16.100502512562816,1
interview_question_1.webm,268,16.160804020100503,1
interview_question_1.webm,269,16.22110552763819,1
interview_question_1.webm,270,16.28140703517588,1
interview_question_1.webm,271,16.34170854271357,1
interview_question_1.webm,272,16.402010050251256,1
interview_question_1.webm,273,16.462311557788947,1
interview_question_1.webm,274,16.522613065326635,1
interview_question_1.webm,275,16.582914572864322,1
interview_question_1.webm,276,16.643216080402013,1
interview_question_1.webm,277,16.7035175879397,1
interview_question_1.webm,278,16.763819095477388,1
interview_question_1.webm,279,16.824120603015075,1
interview_question_1.webm,280,16.884422110552766,1
interview_question_1.webm,281,16.944723618090453,1
interview_question_1.webm,282,17.00502512562814,1
interview_question_1.webm,283,17.06532663316583,1
interview_question_1.webm,284,17.12562814070352,1
interview_question_1.webm,285,17.185929648241206,1
interview_question_1.webm,286,17.246231155778897,1
interview_question_1.webm,287,17.306532663316585,1
interview_question_1.webm,288,17.366834170854272,1
interview_question_1.webm,289,17.42713567839196,1
interview_question_1.webm,290,17.48743718592965,1
interview_question_1.webm,291,17.547738693467338,1
interview_question_1.webm,292,17.608040201005025,2
interview_question_1.webm,293,17.668341708542716,1
interview_question_1.webm,294,17.728643216080403,1
interview_question_1.webm,295,17.78894472361809,1
interview_question_1.webm,296,17.84924623115578,1
interview_question_1.webm,297,17.90954773869347,1
interview_question_1.webm,298,17.969849246231156,1
interview_question_1.webm,299,18.030150753768847,1
interview_question_1.webm,300,18.090452261306535,1
interview_question_1.webm,301,18.150753768844222,1
interview_question_1.webm,302,18.21105527638191,1
interview_question_1.webm,303,18.2713567839196,1
interview_question_1.webm,304,18.331658291457288,1
interview_question_1.webm,305,18.391959798994975,1
interview_question_1.webm,306,18.452261306532666,1
interview_question_1.webm,307,18.512562814070353,1
interview_question_1.webm,308,18.57286432160804,1
interview_question_1.webm,309,18.63316582914573,1
interview_question_1.webm,310,18.69346733668342,1
interview_question_1.webm,311,18.753768844221106,1
interview_question_1.webm,312,18.814070351758794,1
interview_question_1.webm,313,18.874371859296485,1
interview_question_1.webm,314,18.934673366834172,1
interview_question_1.webm,315,18.99497487437186,1
interview_question_1.webm,316,19.05527638190955,1
interview_question_1.webm,317,19.115577889447238,1
interview_question_1.webm,318,19.175879396984925,1
interview_question_1.webm,319,19.236180904522616,1
interview_question_1.webm,320,19.296482412060303,1
interview_question_1.webm,321,19.35678391959799,1
interview_question_1.webm,322,19.417085427135678,1
interview_question_1.webm,323,19.47738693467337,1
interview_question_1.webm,324,19.537688442211056,1
interview_question_1.webm,325,19.597989949748744,1
interview_question_1.webm,326,19.658291457286435,1
interview_question_1.webm,327,19.718592964824122,1
interview_question_1.webm,328,19.77889447236181,1
interview_question_1.webm,329,19.8391959798995,1
interview_question_1.webm,330,19.899497487437188,1
interview_question_1.webm,331,19.959798994974875,1
interview_question_1.webm,332,20.020100502512566,1
interview_question_1.webm,333,20.080402010050253,1
interview_question_1.webm,334,20.14070351758794,1
interview_question_1.webm,335,20.201005025125628,1
interview_question_1.webm,336,20.26130653266332,1
interview_question_1.webm,337,20.321608040201006,1
interview_question_1.webm,338,20.381909547738694,1
interview_question_1.webm,339,20.442211055276385,1
interview_question_1.webm,340,20.502512562814072,1
interview_question_1.webm,341,20.56281407035176,1
interview_question_1.webm,342,20.62311557788945,1
interview_question_1.webm,343,20.683417085427138,1
interview_question_1.webm,344,20.743718592964825,1
interview_question_1.webm,345,20.804020100502512,1
interview_question_1.webm,346,20.864321608040203,1
interview_question_1.webm,347,20.92462311557789,1
interview_question_1.webm,348,20.984924623115578,1
interview_question_1.webm,349,21.04522613065327,1
interview_question_1.webm,350,21.105527638190956,1
interview_question_1.webm,351,21.165829145728644,1
interview_question_1.webm,352,21.226130653266335,1
interview_question_1.webm,353,21.286432160804022,1
interview_question_1.webm,354,21.34673366834171,1
interview_question_1.webm,355,21.407035175879397,1
interview_question_1.webm,356,21.467336683417088,1
interview_question_1.webm,357,21.527638190954775,1
interview_question_1.webm,358,21.587939698492463,1
interview_question_1.webm,359,21.648241206030153,1
interview_question_1.webm,360,21.70854271356784,1
interview_question_1.webm,361,21.768844221105528,1
interview_question_1.webm,362,21.82914572864322,1
interview_question_1.webm,363,21.889447236180906,1
interview_question_1.webm,364,21.949748743718594,1
interview_question_1.webm,365,22.01005025125628,1
interview_question_1.webm,366,22.070351758793972,1
interview_question_1.webm,367,22.13065326633166,1
interview_question_1.webm,368,22.190954773869347,1
interview_question_1.webm,369,22.251256281407038,1
interview_question_1.webm,370,22.311557788944725,1
interview_question_1.webm,371,22.371859296482413,1
interview_question_1.webm,372,22.432160804020103,1
interview_question_1.webm,373,22.49246231155779,1
interview_question_1.webm,374,22.55276381909548,1
interview_question_1.webm,375,22.61306532663317,1
interview_question_1.webm,376,22.673366834170857,1
interview_question_1.webm,377,22.733668341708544,1
interview_question_1.webm,378,22.79396984924623,1
interview_question_1.webm,379,22.854271356783922,1
interview_question_1.webm,380,22.91457286432161,1
interview_question_1.webm,381,22.974874371859297,1
interview_question_1.webm,382,23.035175879396988,1
interview_question_1.webm,383,23.095477386934675,1
interview_question_1.webm,384,23.155778894472363,1
interview_question_1.webm,385,23.216080402010054,1
interview_question_1.webm,386,23.27638190954774,1
interview_question_1.webm,387,23.33668341708543,1
interview_question_1.webm,388,23.396984924623116,1
interview_question_1.webm,389,23.457286432160807,1
interview_question_1.webm,390,23.517587939698494,1
interview_question_1.webm,391,23.57788944723618,1
interview_question_1.webm,392,23.638190954773872,1
interview_question_1.webm,393,23.69849246231156,1
interview_question_1.webm,394,23.758793969849247,1
interview_question_1.webm,395,23.819095477386938,1
interview_question_1.webm,396,23.879396984924625,1
interview_question_1.webm,397,23.939698492462313,1
interview_question_1.webm,398,24.0,1
interview_question_1.webm,399,24.06030150753769,1
interview_question_1.webm,400,24.12060301507538,1
interview_question_1.webm,401,24.180904522613066,1
interview_question_1.webm,402,24.241206030150757,1
interview_question_1.webm,403,24.301507537688444,1
interview_question_1.webm,404,24.36180904522613,1
interview_question_1.webm,405,24.422110552763822,1
interview_question_1.webm,406,24.48241206030151,1
interview_question_1.webm,407,24.542713567839197,1
interview_question_1.webm,408,24.603015075376888,1
interview_question_1.webm,409,24.663316582914575,1
interview_question_1.webm,410,24.723618090452263,1
interview_question_1.webm,411,24.78391959798995,1
interview_question_1.webm,412,24.84422110552764,1
interview_question_1.webm,413,24.90452261306533,1
interview_question_1.webm,414,24.964824120603016,1
interview_question_1.webm,415,25.025125628140707,1
interview_question_1.webm,416,25.085427135678394,1
interview_question_1.webm,417,25.14572864321608,1
interview_question_1.webm,418,25.206030150753772,1
interview_question_1.webm,419,25.26633165829146,1
interview_question_1.webm,420,25.326633165829147,1
interview_question_1.webm,421,25.386934673366834,1
interview_question_1.webm,422,25.447236180904525,1
interview_question_1.webm,423,25.507537688442213,1
interview_question_1.webm,424,25.5678391959799,1
interview_question_1.webm,425,25.62814070351759,1
interview_question_1.webm,426,25.68844221105528,1
interview_question_1.webm,427,25.748743718592966,1
interview_question_1.webm,428,25.809045226130657,1
interview_question_1.webm,429,25.869346733668344,1
interview_question_1.webm,430,25.92964824120603,1
interview_question_1.webm,431,25.98994974874372,1
interview_question_1.webm,432,26.05025125628141,1
interview_question_1.webm,433,26.110552763819097,1
interview_question_1.webm,434,26.170854271356784,1
interview_question_1.webm,435,26.231155778894475,1
interview_question_1.webm,436,26.291457286432163,1
interview_question_1.webm,437,26.35175879396985,1
interview_question_1.webm,438,26.41206030150754,1
interview_question_1.webm,439,26.47236180904523,1
interview_question_1.webm,440,26.532663316582916,1
interview_question_1.webm,441,26.592964824120603,1
interview_question_1.webm,442,26.653266331658294,1
interview_question_1.webm,443,26.71356783919598,1
interview_question_1.webm,444,26.77386934673367,1
interview_question_1.webm,445,26.83417085427136,1
interview_question_1.webm,446,26.894472361809047,1
interview_question_1.webm,447,26.954773869346734,1
interview_question_1.webm,448,27.015075376884425,1
interview_question_1.webm,449,27.075376884422113,1
interview_question_1.webm,450,27.1356783919598,1
interview_question_1.webm,451,27.19597989949749,1
interview_question_1.webm,452,27.25628140703518,1
interview_question_1.webm,453,27.316582914572866,1
interview_question_1.webm,454,27.376884422110553,1
interview_question_1.webm,455,27.437185929648244,1
interview_question_1.webm,456,27.49748743718593,1
interview_question_1.webm,457,27.55778894472362,1
interview_question_1.webm,458,27.61809045226131,1
interview_question_1.webm,459,27.678391959798997,1
interview_question_1.webm,460,27.738693467336685,1
interview_question_1.webm,461,27.798994974874375,1
interview_question_1.webm,462,27.859296482412063,1
interview_question_1.webm,463,27.91959798994975,1
interview_question_1.webm,464,27.979899497487438,1
interview_question_1.webm,465,28.04020100502513,1
interview_question_1.webm,466,28.100502512562816,1
interview_question_1.webm,467,28.160804020100503,1
interview_question_1.webm,468,28.221105527638194,1
interview_question_1.webm,469,28.28140703517588,1
interview_question_1.webm,470,28.34170854271357,1
interview_question_1.webm,471,28.40201005025126,1
interview_question_1.webm,472,28.462311557788947,1
interview_question_1.webm,473,28.522613065326635,1
interview_question_1.webm,474,28.582914572864322,1
interview_question_1.webm,475,28.643216080402013,1
interview_question_1.webm,476,28.7035175879397,1
interview_question_1.webm,477,28.763819095477388,1
interview_question_1.webm,478,28.82412060301508,1
interview_question_1.webm,479,28.884422110552766,1
interview_question_1.webm,480,28.944723618090453,1
interview_question_1.webm,481,29.005025125628144,1
interview_question_1.webm,482,29.06532663316583,1
interview_question_1.webm,483,29.12562814070352,1
interview_question_1.webm,484,29.18592964824121,1
interview_question_1.webm,485,29.246231155778897,1
interview_question_1.webm,486,29.306532663316585,1
interview_question_1.webm,487,29.366834170854272,1
interview_question_1.webm,488,29.427135678391963,1
interview_question_1.webm,489,29.48743718592965,1
interview_question_1.webm,490,29.547738693467338,1
interview_question_1.webm,491,29.60804020100503,1
interview_question_1.webm,492,29.668341708542716,1
interview_question_1.webm,493,29.728643216080403,1
interview_question_1.webm,494,29.788944723618094,1
interview_question_1.webm,495,29.84924623115578,1
interview_question_1.webm,496,29.90954773869347,1
interview_question_1.webm,497,29.969849246231156,1
interview_question_1.webm,498,30.030150753768847,1
interview_question_1.webm,499,30.090452261306535,1
interview_question_1.webm,500,30.150753768844222,1
interview_question_1.webm,501,30.211055276381913,1
interview_question_1.webm,502,30.2713567839196,1
interview_question_1.webm,503,30.331658291457288,1
interview_question_1.webm,504,30.39195979899498,1
interview_question_1.webm,505,30.452261306532666,1
interview_question_1.webm,506,30.512562814070353,1
interview_question_1.webm,507,30.57286432160804,1
interview_question_1.webm,508,30.63316582914573,1
interview_question_1.webm,509,30.69346733668342,1
interview_question_1.webm,510,30.753768844221106,1
interview_question_1.webm,511,30.814070351758797,1
interview_question_1.webm,512,30.874371859296485,1
interview_question_1.webm,513,30.934673366834172,1
interview_question_1.webm,514,30.994974874371863,1
interview_question_1.webm,515,31.05527638190955,1
interview_question_1.webm,516,31.115577889447238,1
interview_question_1.webm,517,31.17587939698493,1
interview_question_1.webm,518,31.236180904522616,1
interview_question_1.webm,519,31.296482412060303,1
interview_question_1.webm,520,31.35678391959799,1
interview_question_1.webm,521,31.41708542713568,1
interview_question_1.webm,522,31.47738693467337,1
interview_question_1.webm,523,31.537688442211056,1
interview_question_1.webm,524,31.597989949748747,1
interview_question_1.webm,525,31.658291457286435,1
interview_question_1.webm,526,31.718592964824122,1
interview_question_1.webm,527,31.778894472361813,1
interview_question_1.webm,528,31.8391959798995,1
interview_question_1.webm,529,31.899497487437188,1
interview_question_1.webm,530,31.959798994974875,1
interview_question_1.webm,531,32.02010050251256,1
interview_question_1.webm,532,32.08040201005026,1
interview_question_1.webm,533,32.140703517587944,1
interview_question_1.webm,534,32.20100502512563,1
interview_question_1.webm,535,32.26130653266332,1
interview_question_1.webm,536,32.321608040201006,1
interview_question_1.webm,537,32.381909547738694,1
interview_question_1.webm,538,32.44221105527638,1
interview_question_1.webm,539,32.502512562814076,1
interview_question_1.webm,540,32.56281407035176,1
interview_question_1.webm,541,32.62311557788945,1
interview_question_1.webm,542,32.68341708542714,1
interview_question_1.webm,543,32.743718592964825,1
interview_question_1.webm,544,32.80402010050251,1
interview_question_1.webm,545,32.8643216080402,1
interview_question_1.webm,546,32.924623115577894,1
interview_question_1.webm,547,32.98492462311558,1
interview_question_1.webm,548,33.04522613065327,1
interview_question_1.webm,549,33.10552763819096,1
interview_question_1.webm,550,33.165829145728644,1
interview_question_1.webm,551,33.22613065326633,1
interview_question_1.webm,552,33.286432160804026,1
interview_question_1.webm,553,33.34673366834171,1
interview_question_1.webm,554,33.4070351758794,1
interview_question_1.webm,555,33.46733668341709,1
interview_question_1.webm,556,33.527638190954775,1
interview_question_1.webm,557,33.58793969849246,1
interview_question_1.webm,558,33.64824120603015,1
interview_question_1.webm,559,33.708542713567844,1
interview_question_1.webm,560,33.76884422110553,1
interview_question_1.webm,561,33.82914572864322,1
interview_question_1.webm,562,33.88944723618091,1
interview_question_1.webm,563,33.949748743718594,1
interview_question_1.webm,564,34.01005025125628,1
interview_question_1.webm,565,34.070351758793976,1
interview_question_1.webm,566,34.13065326633166,1
interview_question_1.webm,567,34.19095477386935,1
interview_question_1.webm,568,34.25125628140704,1
interview_question_1.webm,569,34.311557788944725,1
interview_question_1.webm,570,34.37185929648241,1
interview_question_1.webm,571,34.4321608040201,1
interview_question_1.webm,572,34.492462311557794,1
interview_question_1.webm,573,34.55276381909548,1
interview_question_1.webm,574,34.61306532663317,1
interview_question_1.webm,575,34.67336683417086,1
interview_question_1.webm,576,34.733668341708544,1
interview_question_1.webm,577,34.79396984924623,1
interview_question_1.webm,578,34.85427135678392,1
interview_question_1.webm,579,34.91457286432161,1
interview_question_1.webm,580,34.9748743718593,1
interview_question_1.webm,581,35.03517587939699,1
interview_question_1.webm,582,35.095477386934675,1
interview_question_1.webm,583,35.15577889447236,1
interview_question_1.webm,584,35.21608040201005,1
interview_question_1.webm,585,35.276381909547744,1
interview_question_1.webm,586,35.33668341708543,1
interview_question_1.webm,587,35.39698492462312,1
interview_question_1.webm,588,35.45728643216081,1
interview_question_1.webm,589,35.517587939698494,1
interview_question_1.webm,590,35.57788944723618,1
interview_question_1.webm,591,35.63819095477387,1
interview_question_1.webm,592,35.69849246231156,1
interview_question_1.webm,593,35.75879396984925,1
interview_question_1.webm,594,35.81909547738694,1
interview_question_1.webm,595,35.879396984924625,1
interview_question_1.webm,596,35.93969849246231,1
interview_question_1.webm,597,36.0,1
interview_question_1.webm,598,36.060301507537694,1
interview_question_1.webm,599,36.12060301507538,1
interview_question_1.webm,600,36.18090452261307,1
interview_question_1.webm,601,36.24120603015076,1
interview_question_1.webm,602,36.301507537688444,1
interview_question_1.webm,603,36.36180904522613,1
interview_question_1.webm,604,36.42211055276382,1
interview_question_1.webm,605,36.48241206030151,1
interview_question_1.webm,606,36.5427135678392,1
interview_question_1.webm,607,36.60301507537689,1
interview_question_1.webm,608,36.663316582914575,1
interview_question_1.webm,609,36.72361809045226,1
interview_question_1.webm,610,36.78391959798995,1
interview_question_1.webm,611,36.84422110552764,1
interview_question_1.webm,612,36.90452261306533,1
interview_question_1.webm,613,36.96482412060302,1
interview_question_1.webm,614,37.02512562814071,1
interview_question_1.webm,615,37.085427135678394,1
interview_question_1.webm,616,37.14572864321608,1
interview_question_1.webm,617,37.20603015075377,1
interview_question_1.webm,618,37.26633165829146,1
interview_question_1.webm,619,37.32663316582915,1
interview_question_1.webm,620,37.38693467336684,1
interview_question_1.webm,621,37.447236180904525,1
interview_question_1.webm,622,37.50753768844221,1
interview_question_1.webm,623,37.5678391959799,1
interview_question_1.webm,624,37.62814070351759,1
interview_question_1.webm,625,37.68844221105528,1
interview_question_1.webm,626,37.74874371859297,1
interview_question_1.webm,627,37.80904522613066,1
interview_question_1.webm,628,37.869346733668344,1
interview_question_1.webm,629,37.92964824120603,1
interview_question_1.webm,630,37.98994974874372,1
interview_question_1.webm,631,38.05025125628141,1
interview_question_1.webm,632,38.1105527638191,1
interview_question_1.webm,633,38.17085427135679,1
interview_question_1.webm,634,38.231155778894475,1
interview_question_1.webm,635,38.29145728643216,1
interview_question_1.webm,636,38.35175879396985,1
interview_question_1.webm,637,38.41206030150754,1
interview_question_1.webm,638,38.47236180904523,1
interview_question_1.webm,639,38.53266331658292,1
interview_question_1.webm,640,38.59296482412061,1
interview_question_1.webm,641,38.653266331658294,1
interview_question_1.webm,642,38.71356783919598,1
interview_question_1.webm,643,38.77386934673367,1
interview_question_1.webm,644,38.834170854271356,1
interview_question_1.webm,645,38.89447236180905,1
interview_question_1.webm,646,38.95477386934674,1
interview_question_1.webm,647,39.015075376884425,1
interview_question_1.webm,648,39.07537688442211,1
interview_question_1.webm,649,39.1356783919598,1
interview_question_1.webm,650,39.19597989949749,1
interview_question_1.webm,651,39.25628140703518,1
interview_question_1.webm,652,39.31658291457287,1
interview_question_1.webm,653,39.37688442211056,1
interview_question_1.webm,654,39.437185929648244,1
interview_question_1.webm,655,39.49748743718593,1
interview_question_1.webm,656,39.55778894472362,1
interview_question_1.webm,657,39.618090452261306,1
interview_question_1.webm,658,39.678391959799,1
interview_question_1.webm,659,39.73869346733669,1
interview_question_1.webm,660,39.798994974874375,1
interview_question_1.webm,661,39.85929648241206,1
interview_question_1.webm,662,39.91959798994975,1
interview_question_1.webm,663,39.97989949748744,1
interview_question_1.webm,664,40.04020100502513,1
interview_question_1.webm,665,40.10050251256282,1
interview_question_1.webm,666,40.16080402010051,1
interview_question_1.webm,667,40.221105527638194,1
interview_question_1.webm,668,40.28140703517588,1
interview_question_1.webm,669,40.34170854271357,1
interview_question_1.webm,670,40.402010050251256,1
interview_question_1.webm,671,40.46231155778895,1
interview_question_1.webm,672,40.52261306532664,1
interview_question_1.webm,673,40.582914572864325,1
interview_question_1.webm,674,40.64321608040201,1
interview_question_1.webm,675,40.7035175879397,1
interview_question_1.webm,676,40.76381909547739,1
interview_question_1.webm,677,40.824120603015075,1
interview_question_1.webm,678,40.88442211055277,1
interview_question_1.webm,679,40.94472361809046,1
interview_question_1.webm,680,41.005025125628144,1
interview_question_1.webm,681,41.06532663316583,1
interview_question_1.webm,682,41.12562814070352,1
interview_question_1.webm,683,41.185929648241206,1
interview_question_1.webm,684,41.2462311557789,1
interview_question_1.webm,685,41.30653266331659,1
interview_question_1.webm,686,41.366834170854275,1
interview_question_1.webm,687,41.42713567839196,1
interview_question_1.webm,688,41.48743718592965,1
interview_question_1.webm,689,41.54773869346734,1
interview_question_1.webm,690,41.608040201005025,1
interview_question_1.webm,691,41.66834170854272,1
interview_question_1.webm,692,41.72864321608041,1
interview_question_1.webm,693,41.788944723618094,1
interview_question_1.webm,694,41.84924623115578,1
interview_question_1.webm,695,41.90954773869347,1
interview_question_1.webm,696,41.969849246231156,1
interview_question_1.webm,697,42.030150753768844,1
interview_question_1.webm,698,42.09045226130654,1
interview_question_1.webm,699,42.150753768844226,1
interview_question_1.webm,700,42.21105527638191,1
interview_question_1.webm,701,42.2713567839196,1
interview_question_1.webm,702,42.33165829145729,1
interview_question_1.webm,703,42.391959798994975,1
interview_question_1.webm,704,42.45226130653267,1
interview_question_1.webm,705,42.51256281407036,1
interview_question_1.webm,706,42.572864321608044,1
interview_question_1.webm,707,42.63316582914573,1
interview_question_1.webm,708,42.69346733668342,1
interview_question_1.webm,709,42.753768844221106,1
interview_question_1.webm,710,42.814070351758794,1
interview_question_1.webm,711,42.87437185929649,1
interview_question_1.webm,712,42.934673366834176,1
interview_question_1.webm,713,42.99497487437186,1
interview_question_1.webm,714,43.05527638190955,1
interview_question_1.webm,715,43.11557788944724,1
interview_question_1.webm,716,43.175879396984925,1
interview_question_1.webm,717,43.23618090452262,1
interview_question_1.webm,718,43.29648241206031,1
interview_question_1.webm,719,43.356783919597994,1
interview_question_1.webm,720,43.41708542713568,1
interview_question_1.webm,721,43.47738693467337,1
interview_question_1.webm,722,43.537688442211056,1
interview_question_1.webm,723,43.597989949748744,1
interview_question_1.webm,724,43.65829145728644,1
interview_question_1.webm,725,43.718592964824126,1
interview_question_1.webm,726,43.77889447236181,1
interview_question_1.webm,727,43.8391959798995,1
interview_question_1.webm,728,43.89949748743719,1
interview_question_1.webm,729,43.959798994974875,1
interview_question_1.webm,730,44.02010050251256,1
interview_question_1.webm,731,44.08040201005026,1
interview_question_1.webm,732,44.140703517587944,1
interview_question_1.webm,733,44.20100502512563,1
interview_question_1.webm,734,44.26130653266332,1
interview_question_1.webm,735,44.321608040201006,1
interview_question_1.webm,736,44.381909547738694,1
interview_question_1.webm,737,44.44221105527639,1
interview_question_1.webm,738,44.502512562814076,1
interview_question_1.webm,739,44.56281407035176,1
interview_question_1.webm,740,44.62311557788945,1
interview_question_1.webm,741,44.68341708542714,1
interview_question_1.webm,742,44.743718592964825,1
interview_question_1.webm,743,44.80402010050251,1
interview_question_1.webm,744,44.86432160804021,1
interview_question_1.webm,745,44.924623115577894,1
interview_question_1.webm,746,44.98492462311558,1
interview_question_1.webm,747,45.04522613065327,1
interview_question_1.webm,748,45.10552763819096,1
interview_question_1.webm,749,45.165829145728644,1
interview_question_1.webm,750,45.22613065326634,1
interview_question_1.webm,751,45.286432160804026,1
interview_question_1.webm,752,45.34673366834171,1
interview_question_1.webm,753,45.4070351758794,1
interview_question_1.webm,754,45.46733668341709,1
interview_question_1.webm,755,45.527638190954775,1
interview_question_1.webm,756,45.58793969849246,1
interview_question_1.webm,757,45.64824120603016,1
interview_question_1.webm,758,45.708542713567844,1
interview_question_1.webm,759,45.76884422110553,1
interview_question_1.webm,760,45.82914572864322,1
interview_question_1.webm,761,45.88944723618091,1
interview_question_1.webm,762,45.949748743718594,1
interview_question_1.webm,763,46.01005025125628,1
interview_question_1.webm,764,46.070351758793976,1
interview_question_1.webm,765,46.13065326633166,1
interview_question_1.webm,766,46.19095477386935,1
interview_question_1.webm,767,46.25125628140704,1
interview_question_1.webm,768,46.311557788944725,1
interview_question_1.webm,769,46.37185929648241,1
interview_question_1.webm,770,46.43216080402011,1
interview_question_1.webm,771,46.492462311557794,1
interview_question_1.webm,772,46.55276381909548,1
interview_question_1.webm,773,46.61306532663317,1
interview_question_1.webm,774,46.67336683417086,1
interview_question_1.webm,775,46.733668341708544,1
interview_question_1.webm,776,46.79396984924623,1
interview_question_1.webm,777,46.854271356783926,1
interview_question_1.webm,778,46.91457286432161,1
interview_question_1.webm,779,46.9748743718593,1
interview_question_1.webm,780,47.03517587939699,1
interview_question_1.webm,781,47.095477386934675,1
interview_question_1.webm,782,47.15577889447236,1
interview_question_1.webm,783,47.21608040201006,1
interview_question_1.webm,784,47.276381909547744,1
interview_question_1.webm,785,47.33668341708543,1
interview_question_1.webm,786,47.39698492462312,1
interview_question_1.webm,787,47.45728643216081,1
interview_question_1.webm,788,47.517587939698494,1
interview_question_1.webm,789,47.57788944723618,1
interview_question_1.webm,790,47.638190954773876,1
interview_question_1.webm,791,47.69849246231156,1
interview_question_1.webm,792,47.75879396984925,1
interview_question_1.webm,793,47.81909547738694,1
interview_question_1.webm,794,47.879396984924625,1
interview_question_1.webm,795,47.93969849246231,1
interview_question_1.webm,796,48.0,1
interview_question_1.webm,797,48.060301507537694,1
interview_question_1.webm,798,48.12060301507538,1
interview_question_1.webm,799,48.18090452261307,1
interview_question_1.webm,800,48.24120603015076,1
interview_question_1.webm,801,48.301507537688444,1
interview_question_1.webm,802,48.36180904522613,1
interview_question_1.webm,803,48.422110552763826,1
interview_question_1.webm,804,48.48241206030151,1
interview_question_1.webm,805,48.5427135678392,1
interview_question_1.webm,806,48.60301507537689,1
interview_question_1.webm,807,48.663316582914575,1
interview_question_1.webm,808,48.72361809045226,1
interview_question_1.webm,809,48.78391959798995,1
interview_question_1.webm,810,48.844221105527645,1
interview_question_1.webm,811,48.90452261306533,1
interview_question_1.webm,812,48.96482412060302,1
interview_question_1.webm,813,49.02512562814071,1
interview_question_1.webm,814,49.085427135678394,1
interview_question_1.webm,815,49.14572864321608,1
interview_question_1.webm,816,49.206030150753776,1
interview_question_1.webm,817,49.26633165829146,1
interview_question_1.webm,818,49.32663316582915,1
interview_question_1.webm,819,49.38693467336684,1
interview_question_1.webm,820,49.447236180904525,1
interview_question_1.webm,821,49.50753768844221,1
interview_question_1.webm,822,49.5678391959799,1
interview_question_1.webm,823,49.628140703517595,1
interview_question_1.webm,824,49.68844221105528,1
interview_question_1.webm,825,49.74874371859297,1
interview_question_1.webm,826,49.80904522613066,1
interview_question_1.webm,827,49.869346733668344,1
interview_question_1.webm,828,49.92964824120603,1
interview_question_1.webm,829,49.98994974874372,1
interview_question_1.webm,830,50.05025125628141,1
interview_question_1.webm,831,50.1105527638191,1
interview_question_1.webm,832,50.17085427135679,1
interview_question_1.webm,833,50.231155778894475,1
interview_question_1.webm,834,50.29145728643216,1
interview_question_1.webm,835,50.35175879396985,1
interview_question_1.webm,836,50.412060301507545,1
interview_question_1.webm,837,50.47236180904523,1
interview_question_1.webm,838,50.53266331658292,1
interview_question_1.webm,839,50.59296482412061,1
interview_question_1.webm,840,50.653266331658294,1
interview_question_1.webm,841,50.71356783919598,1
interview_question_1.webm,842,50.77386934673367,1
interview_question_1.webm,843,50.83417085427136,1
interview_question_1.webm,844,50.89447236180905,1
interview_question_1.webm,845,50.95477386934674,1
interview_question_1.webm,846,51.015075376884425,1
interview_question_1.webm,847,51.07537688442211,1
interview_question_1.webm,848,51.1356783919598,1
interview_question_1.webm,849,51.195979899497495,1
interview_question_1.webm,850,51.25628140703518,1
interview_question_1.webm,851,51.31658291457287,1
interview_question_1.webm,852,51.37688442211056,1
interview_question_1.webm,853,51.437185929648244,1
interview_question_1.webm,854,51.49748743718593,1
interview_question_1.webm,855,51.55778894472362,1
interview_question_1.webm,856,51.61809045226131,1
interview_question_1.webm,857,51.678391959799,1
interview_question_1.webm,858,51.73869346733669,1
interview_question_1.webm,859,51.798994974874375,1
interview_question_1.webm,860,51.85929648241206,1
interview_question_1.webm,861,51.91959798994975,1
interview_question_1.webm,862,51.97989949748744,1
interview_question_1.webm,863,52.04020100502513,1
interview_question_1.webm,864,52.10050251256282,1
interview_question_1.webm,865,52.16080402010051,1
interview_question_1.webm,866,52.221105527638194,1
interview_question_1.webm,867,52.28140703517588,1
interview_question_1.webm,868,52.34170854271357,1
interview_question_1.webm,869,52.40201005025126,1
interview_question_1.webm,870,52.46231155778895,1
interview_question_1.webm,871,52.52261306532664,1
interview_question_1.webm,872,52.582914572864325,1
interview_question_1.webm,873,52.64321608040201,1
interview_question_1.webm,874,52.7035175879397,1
interview_question_1.webm,875,52.76381909547739,1
interview_question_1.webm,876,52.82412060301508,1
interview_question_1.webm,877,52.88442211055277,1
interview_question_1.webm,878,52.94472361809046,1
interview_question_1.webm,879,53.005025125628144,1
interview_question_1.webm,880,53.06532663316583,1
interview_question_1.webm,881,53.12562814070352,1
interview_question_1.webm,882,53.185929648241206,1
interview_question_1.webm,883,53.2462311557789,1
interview_question_1.webm,884,53.30653266331659,1
interview_question_1.webm,885,53.366834170854275,1
interview_question_1.webm,886,53.42713567839196,1
interview_question_1.webm,887,53.48743718592965,1
interview_question_1.webm,888,53.54773869346734,1
interview_question_1.webm,889,53.60804020100503,1
interview_question_1.webm,890,53.66834170854272,1
interview_question_1.webm,891,53.72864321608041,1
interview_question_1.webm,892,53.788944723618094,1
interview_question_1.webm,893,53.84924623115578,1
interview_question_1.webm,894,53.90954773869347,1
interview_question_1.webm,895,53.969849246231156,1
interview_question_1.webm,896,54.03015075376885,1
interview_question_1.webm,897,54.09045226130654,1
interview_question_1.webm,898,54.150753768844226,1
interview_question_1.webm,899,54.21105527638191,1
interview_question_1.webm,900,54.2713567839196,1
interview_question_1.webm,901,54.33165829145729,1
interview_question_1.webm,902,54.39195979899498,1
interview_question_1.webm,903,54.45226130653267,1
interview_question_1.webm,904,54.51256281407036,1
interview_question_1.webm,905,54.572864321608044,1
interview_question_1.webm,906,54.63316582914573,1
interview_question_1.webm,907,54.69346733668342,1
interview_question_1.webm,908,54.753768844221106,1
interview_question_1.webm,909,54.8140703517588,1
interview_question_1.webm,910,54.87437185929649,1
interview_question_1.webm,911,54.934673366834176,1
interview_question_1.webm,912,54.99497487437186,1
interview_question_1.webm,913,55.05527638190955,1
interview_question_1.webm,914,55.11557788944724,1
interview_question_1.webm,915,55.175879396984925,1
interview_question_1.webm,916,55.23618090452262,1
interview_question_1.webm,917,55.29648241206031,1
interview_question_1.webm,918,55.356783919597994,1
interview_question_1.webm,919,55.41708542713568,1
interview_question_1.webm,920,55.47738693467337,1
interview_question_1.webm,921,55.537688442211056,1
interview_question_1.webm,922,55.59798994974875,1
interview_question_1.webm,923,55.65829145728644,1
interview_question_1.webm,924,55.718592964824126,1
interview_question_1.webm,925,55.77889447236181,1
interview_question_1.webm,926,55.8391959798995,1
interview_question_1.webm,927,55.89949748743719,1
interview_question_1.webm,928,55.959798994974875,1
interview_question_1.webm,929,56.02010050251257,1
interview_question_1.webm,930,56.08040201005026,1
interview_question_1.webm,931,56.140703517587944,1
interview_question_1.webm,932,56.20100502512563,1
interview_question_1.webm,933,56.26130653266332,1
interview_question_1.webm,934,56.321608040201006,1
interview_question_1.webm,935,56.3819095477387,1
interview_question_1.webm,936,56.44221105527639,1
interview_question_1.webm,937,56.502512562814076,1
interview_question_1.webm,938,56.56281407035176,1
interview_question_1.webm,939,56.62311557788945,1
interview_question_1.webm,940,56.68341708542714,1
interview_question_1.webm,941,56.743718592964825,1
interview_question_1.webm,942,56.80402010050252,1
interview_question_1.webm,943,56.86432160804021,1
interview_question_1.webm,944,56.924623115577894,1
interview_question_1.webm,945,56.98492462311558,1
interview_question_1.webm,946,57.04522613065327,1
interview_question_1.webm,947,57.10552763819096,1
interview_question_1.webm,948,57.165829145728644,1
interview_question_1.webm,949,57.22613065326634,1
interview_question_1.webm,950,57.286432160804026,1
interview_question_1.webm,951,57.34673366834171,1
interview_question_1.webm,952,57.4070351758794,1
interview_question_1.webm,953,57.46733668341709,1
interview_question_1.webm,954,57.527638190954775,1
interview_question_1.webm,955,57.58793969849247,1
interview_question_1.webm,956,57.64824120603016,1
interview_question_1.webm,957,57.708542713567844,1
interview_question_1.webm,958,57.76884422110553,1
interview_question_1.webm,959,57.82914572864322,1
interview_question_1.webm,960,57.88944723618091,1
interview_question_1.webm,961,57.949748743718594,1
interview_question_1.webm,962,58.01005025125629,1
interview_question_1.webm,963,58.070351758793976,1
interview_question_1.webm,964,58.13065326633166,1
interview_question_1.webm,965,58.19095477386935,1
interview_question_1.webm,966,58.25125628140704,1
interview_question_1.webm,967,58.311557788944725,1
interview_question_1.webm,968,58.37185929648242,1
interview_question_1.webm,969,58.43216080402011,1
interview_question_1.webm,970,58.492462311557794,1
interview_question_1.webm,971,58.55276381909548,1
interview_question_1.webm,972,58.61306532663317,1
interview_question_1.webm,973,58.67336683417086,1
interview_question_1.webm,974,58.733668341708544,1
interview_question_1.webm,975,58.79396984924624,1
interview_question_1.webm,976,58.854271356783926,1
interview_question_1.webm,977,58.91457286432161,1
interview_question_1.webm,978,58.9748743718593,1
interview_question_1.webm,979,59.03517587939699,1
interview_question_1.webm,980,59.095477386934675,1
interview_question_1.webm,981,59.15577889447236,1
interview_question_1.webm,982,59.21608040201006,1
interview_question_1.webm,983,59.276381909547744,1
interview_question_1.webm,984,59.33668341708543,1
interview_question_1.webm,985,59.39698492462312,1
interview_question_1.webm,986,59.45728643216081,1
interview_question_1.webm,987,59.517587939698494,1
interview_question_1.webm,988,59.57788944723619,1
interview_question_1.webm,989,59.638190954773876,1
interview_question_1.webm,990,59.69849246231156,1
interview_question_1.webm,991,59.75879396984925,1
interview_question_1.webm,992,59.81909547738694,1
interview_question_1.webm,993,59.879396984924625,1
interview_question_1.webm,994,59.93969849246231,1
interview_question_1.webm,995,60.00000000000001,1
interview_question_1.webm,996,60.060301507537694,1
interview_question_1.webm,997,60.12060301507538,1
interview_question_1.webm,998,60.18090452261307,1
interview_question_1.webm,999,60.24120603015076,1
interview_question_1.webm,1000,60.301507537688444,1
interview_question_1.webm,1001,60.36180904522614,1
interview_question_1.webm,1002,60.422110552763826,1
interview_question_1.webm,1003,60.48241206030151,1
interview_question_1.webm,1004,60.5427135678392,1
interview_question_1.webm,1005,60.60301507537689,1
interview_question_1.webm,1006,60.663316582914575,1
interview_question_1.webm,1007,60.72361809045226,1
interview_question_1.webm,1008,60.78391959798996,1
interview_question_1.webm,1009,60.844221105527645,1
interview_question_1.webm,1010,60.90452261306533,1
interview_question_1.webm,1011,60.96482412060302,1
interview_question_1.webm,1012,61.02512562814071,1
interview_question_1.webm,1013,61.085427135678394,1
interview_question_1.webm,1014,61.14572864321608,1
interview_question_1.webm,1015,61.206030150753776,1
interview_question_1.webm,1016,61.26633165829146,1
interview_question_1.webm,1017,61.32663316582915,1
interview_question_1.webm,1018,61.38693467336684,1
interview_question_1.webm,1019,61.447236180904525,1
interview_question_1.webm,1020,61.50753768844221,1
interview_question_1.webm,1021,61.56783919597991,1
interview_question_1.webm,1022,61.628140703517595,1
interview_question_1.webm,1023,61.68844221105528,1
interview_question_1.webm,1024,61.74874371859297,1
interview_question_1.webm,1025,61.80904522613066,1
interview_question_1.webm,1026,61.869346733668344,1
interview_question_1.webm,1027,61.92964824120603,1
interview_question_1.webm,1028,61.989949748743726,1
interview_question_1.webm,1029,62.05025125628141,1
interview_question_1.webm,1030,62.1105527638191,1
interview_question_1.webm,1031,62.17085427135679,1
interview_question_1.webm,1032,62.231155778894475,1
interview_question_1.webm,1033,62.29145728643216,1
interview_question_1.webm,1034,62.35175879396986,1
interview_question_1.webm,1035,62.412060301507545,1
interview_question_1.webm,1036,62.47236180904523,1
interview_question_1.webm,1037,62.53266331658292,1
interview_question_1.webm,1038,62.59296482412061,1
interview_question_1.webm,1039,62.653266331658294,1
interview_question_1.webm,1040,62.71356783919598,1
interview_question_1.webm,1041,62.773869346733676,1
interview_question_1.webm,1042,62.83417085427136,1
interview_question_1.webm,1043,62.89447236180905,1
interview_question_1.webm,1044,62.95477386934674,1
interview_question_1.webm,1045,63.015075376884425,1
interview_question_1.webm,1046,63.07537688442211,1
interview_question_1.webm,1047,63.1356783919598,1
interview_question_1.webm,1048,63.195979899497495,1
interview_question_1.webm,1049,63.25628140703518,1
interview_question_1.webm,1050,63.31658291457287,1
interview_question_1.webm,1051,63.37688442211056,1
interview_question_1.webm,1052,63.437185929648244,1
interview_question_1.webm,1053,63.49748743718593,1
interview_question_1.webm,1054,63.557788944723626,1
interview_question_1.webm,1055,63.61809045226131,1
interview_question_1.webm,1056,63.678391959799,1
interview_question_1.webm,1057,63.73869346733669,1
interview_question_1.webm,1058,63.798994974874375,1
interview_question_1.webm,1059,63.85929648241206,1
interview_question_1.webm,1060,63.91959798994975,1
interview_question_1.webm,1061,63.979899497487445,1
interview_question_1.webm,1062,64.04020100502512,1
interview_question_1.webm,1063,64.10050251256281,1
interview_question_1.webm,1064,64.16080402010051,1
interview_question_1.webm,1065,64.2211055276382,1
interview_question_1.webm,1066,64.28140703517589,1
interview_question_1.webm,1067,64.34170854271358,1
interview_question_1.webm,1068,64.40201005025126,1
interview_question_1.webm,1069,64.46231155778895,1
interview_question_1.webm,1070,64.52261306532664,1
interview_question_1.webm,1071,64.58291457286433,1
interview_question_1.webm,1072,64.64321608040201,1
interview_question_1.webm,1073,64.7035175879397,1
interview_question_1.webm,1074,64.76381909547739,1
interview_question_1.webm,1075,64.82412060301507,1
interview_question_1.webm,1076,64.88442211055276,1
interview_question_1.webm,1077,64.94472361809046,1
interview_question_1.webm,1078,65.00502512562815,1
interview_question_1.webm,1079,65.06532663316584,1
interview_question_1.webm,1080,65.12562814070353,1
interview_question_1.webm,1081,65.18592964824121,1
interview_question_1.webm,1082,65.2462311557789,1
interview_question_1.webm,1083,65.30653266331659,1
interview_question_1.webm,1084,65.36683417085428,1
interview_question_1.webm,1085,65.42713567839196,1
interview_question_1.webm,1086,65.48743718592965,1
interview_question_1.webm,1087,65.54773869346734,1
interview_question_1.webm,1088,65.60804020100502,1
interview_question_1.webm,1089,65.66834170854271,1
interview_question_1.webm,1090,65.7286432160804,1
interview_question_1.webm,1091,65.7889447236181,1
interview_question_1.webm,1092,65.84924623115579,1
interview_question_1.webm,1093,65.90954773869348,1
interview_question_1.webm,1094,65.96984924623116,1
interview_question_1.webm,1095,66.03015075376885,1
interview_question_1.webm,1096,66.09045226130654,1
interview_question_1.webm,1097,66.15075376884423,1
interview_question_1.webm,1098,66.21105527638191,1
interview_question_1.webm,1099,66.2713567839196,1
interview_question_1.webm,1100,66.33165829145729,1
interview_question_1.webm,1101,66.39195979899498,1
interview_question_1.webm,1102,66.45226130653266,1
interview_question_1.webm,1103,66.51256281407035,1
interview_question_1.webm,1104,66.57286432160805,1
interview_question_1.webm,1105,66.63316582914574,1
interview_question_1.webm,1106,66.69346733668343,1
interview_question_1.webm,1107,66.75376884422111,1
interview_question_1.webm,1108,66.8140703517588,1
interview_question_1.webm,1109,66.87437185929649,1
interview_question_1.webm,1110,66.93467336683418,1
interview_question_1.webm,1111,66.99497487437186,1
interview_question_1.webm,1112,67.05527638190955,1
interview_question_1.webm,1113,67.11557788944724,1
interview_question_1.webm,1114,67.17587939698493,1
interview_question_1.webm,1115,67.23618090452261,1
interview_question_1.webm,1116,67.2964824120603,1
interview_question_1.webm,1117,67.356783919598,1
interview_question_1.webm,1118,67.41708542713569,1
interview_question_1.webm,1119,67.47738693467338,1
interview_question_1.webm,1120,67.53768844221106,1
interview_question_1.webm,1121,67.59798994974875,1
interview_question_1.webm,1122,67.65829145728644,1
interview_question_1.webm,1123,67.71859296482413,1
interview_question_1.webm,1124,67.77889447236181,1
interview_question_1.webm,1125,67.8391959798995,1
interview_question_1.webm,1126,67.89949748743719,1
interview_question_1.webm,1127,67.95979899497488,1
interview_question_1.webm,1128,68.02010050251256,1
interview_question_1.webm,1129,68.08040201005025,1
interview_question_1.webm,1130,68.14070351758795,1
interview_question_1.webm,1131,68.20100502512564,1
interview_question_1.webm,1132,68.26130653266333,1
interview_question_1.webm,1133,68.32160804020101,1
interview_question_1.webm,1134,68.3819095477387,1
interview_question_1.webm,1135,68.44221105527639,1
interview_question_1.webm,1136,68.50251256281408,1
interview_question_1.webm,1137,68.56281407035176,1
interview_question_1.webm,1138,68.62311557788945,1
interview_question_1.webm,1139,68.68341708542714,1
interview_question_1.webm,1140,68.74371859296483,1
interview_question_1.webm,1141,68.80402010050251,1
interview_question_1.webm,1142,68.8643216080402,1
interview_question_1.webm,1143,68.9246231155779,1
interview_question_1.webm,1144,68.98492462311559,1
interview_question_1.webm,1145,69.04522613065328,1
interview_question_1.webm,1146,69.10552763819096,1
interview_question_1.webm,1147,69.16582914572865,1
interview_question_1.webm,1148,69.22613065326634,1
interview_question_1.webm,1149,69.28643216080403,1
interview_question_1.webm,1150,69.34673366834171,1
interview_question_1.webm,1151,69.4070351758794,1
interview_question_1.webm,1152,69.46733668341709,1
interview_question_1.webm,1153,69.52763819095478,1
interview_question_1.webm,1154,69.58793969849246,1
interview_question_1.webm,1155,69.64824120603015,1
interview_question_1.webm,1156,69.70854271356784,1
interview_question_1.webm,1157,69.76884422110554,1
interview_question_1.webm,1158,69.82914572864323,1
interview_question_1.webm,1159,69.88944723618091,1
interview_question_1.webm,1160,69.9497487437186,1
interview_question_1.webm,1161,70.01005025125629,1
interview_question_1.webm,1162,70.07035175879398,1
interview_question_1.webm,1163,70.13065326633166,1
interview_question_1.webm,1164,70.19095477386935,1
interview_question_1.webm,1165,70.25125628140704,1
interview_question_1.webm,1166,70.31155778894473,1
interview_question_1.webm,1167,70.37185929648241,1
interview_question_1.webm,1168,70.4321608040201,1
interview_question_1.webm,1169,70.49246231155779,1
interview_question_1.webm,1170,70.55276381909549,1
interview_question_1.webm,1171,70.61306532663318,1
interview_question_1.webm,1172,70.67336683417086,1
interview_question_1.webm,1173,70.73366834170855,1
interview_question_1.webm,1174,70.79396984924624,1
interview_question_1.webm,1175,70.85427135678393,1
interview_question_1.webm,1176,70.91457286432161,1
interview_question_1.webm,1177,70.9748743718593,1
interview_question_1.webm,1178,71.03517587939699,1
interview_question_1.webm,1179,71.09547738693468,1
interview_question_1.webm,1180,71.15577889447236,1
interview_question_1.webm,1181,71.21608040201005,1
interview_question_1.webm,1182,71.27638190954774,1
interview_question_1.webm,1183,71.33668341708544,1
interview_question_1.webm,1184,71.39698492462313,1
interview_question_1.webm,1185,71.45728643216081,1
interview_question_1.webm,1186,71.5175879396985,1
interview_question_1.webm,1187,71.57788944723619,1
interview_question_1.webm,1188,71.63819095477388,1
interview_question_1.webm,1189,71.69849246231156,1
interview_question_1.webm,1190,71.75879396984925,1
interview_question_1.webm,1191,71.81909547738694,1
interview_question_1.webm,1192,71.87939698492463,1
interview_question_1.webm,1193,71.93969849246231,1
interview_question_1.webm,1194,72.0,1
interview_question_1.webm,1195,72.06030150753769,1
interview_question_1.webm,1196,72.12060301507539,1
interview_question_1.webm,1197,72.18090452261308,1
interview_question_1.webm,1198,72.24120603015076,1
interview_question_1.webm,1199,72.30150753768845,1
interview_question_1.webm,1200,72.36180904522614,1
interview_question_1.webm,1201,72.42211055276383,1
interview_question_1.webm,1202,72.48241206030151,1
interview_question_1.webm,1203,72.5427135678392,1
interview_question_1.webm,1204,72.60301507537689,1
interview_question_1.webm,1205,72.66331658291458,1
interview_question_1.webm,1206,72.72361809045226,1
interview_question_1.webm,1207,72.78391959798995,1
interview_question_1.webm,1208,72.84422110552764,1
interview_question_1.webm,1209,72.90452261306532,1
interview_question_1.webm,1210,72.96482412060303,1
interview_question_1.webm,1211,73.02512562814071,1
interview_question_1.webm,1212,73.0854271356784,1
interview_question_1.webm,1213,73.14572864321609,1
interview_question_1.webm,1214,73.20603015075378,1
interview_question_1.webm,1215,73.26633165829146,1
interview_question_1.webm,1216,73.32663316582915,1
interview_question_1.webm,1217,73.38693467336684,1
interview_question_1.webm,1218,73.44723618090453,1
interview_question_1.webm,1219,73.50753768844221,1
interview_question_1.webm,1220,73.5678391959799,1
interview_question_1.webm,1221,73.62814070351759,1
interview_question_1.webm,1222,73.68844221105527,1
interview_question_1.webm,1223,73.74874371859298,1
interview_question_1.webm,1224,73.80904522613066,1
interview_question_1.webm,1225,73.86934673366835,1
interview_question_1.webm,1226,73.92964824120604,1
interview_question_1.webm,1227,73.98994974874373,1
interview_question_1.webm,1228,74.05025125628141,1
interview_question_1.webm,1229,74.1105527638191,1
interview_question_1.webm,1230,74.17085427135679,1
interview_question_1.webm,1231,74.23115577889448,1
interview_question_1.webm,1232,74.29145728643216,1
interview_question_1.webm,1233,74.35175879396985,1
interview_question_1.webm,1234,74.41206030150754,1
interview_question_1.webm,1235,74.47236180904522,1
interview_question_1.webm,1236,74.53266331658293,1
interview_question_1.webm,1237,74.59296482412061,1
interview_question_1.webm,1238,74.6532663316583,1
interview_question_1.webm,1239,74.71356783919599,1
interview_question_1.webm,1240,74.77386934673368,1
interview_question_1.webm,1241,74.83417085427136,1
interview_question_1.webm,1242,74.89447236180905,1
interview_question_1.webm,1243,74.95477386934674,1
interview_question_1.webm,1244,75.01507537688443,1
interview_question_1.webm,1245,75.07537688442211,1
interview_question_1.webm,1246,75.1356783919598,1
interview_question_1.webm,1247,75.19597989949749,1
interview_question_1.webm,1248,75.25628140703517,1
interview_question_1.webm,1249,75.31658291457288,1
interview_question_1.webm,1250,75.37688442211056,1
interview_question_1.webm,1251,75.43718592964825,1
interview_question_1.webm,1252,75.49748743718594,1
interview_question_1.webm,1253,75.55778894472363,1
interview_question_1.webm,1254,75.61809045226131,1
interview_question_1.webm,1255,75.678391959799,1
interview_question_1.webm,1256,75.73869346733669,1
interview_question_1.webm,1257,75.79899497487438,1
interview_question_1.webm,1258,75.85929648241206,1
interview_question_1.webm,1259,75.91959798994975,1
interview_question_1.webm,1260,75.97989949748744,1
interview_question_1.webm,1261,76.04020100502512,1
interview_question_1.webm,1262,76.10050251256283,1
interview_question_1.webm,1263,76.16080402010051,1
interview_question_1.webm,1264,76.2211055276382,1
interview_question_1.webm,1265,76.28140703517589,1
interview_question_1.webm,1266,76.34170854271358,1
interview_question_1.webm,1267,76.40201005025126,1
interview_question_1.webm,1268,76.46231155778895,1
interview_question_1.webm,1269,76.52261306532664,1
interview_question_1.webm,1270,76.58291457286433,1
interview_question_1.webm,1271,76.64321608040201,1
interview_question_1.webm,1272,76.7035175879397,1
interview_question_1.webm,1273,76.76381909547739,1
interview_question_1.webm,1274,76.82412060301507,1
interview_question_1.webm,1275,76.88442211055276,1
interview_question_1.webm,1276,76.94472361809046,1
interview_question_1.webm,1277,77.00502512562815,1
interview_question_1.webm,1278,77.06532663316584,1
interview_question_1.webm,1279,77.12562814070353,1
interview_question_1.webm,1280,77.18592964824121,1
interview_question_1.webm,1281,77.2462311557789,1
interview_question_1.webm,1282,77.30653266331659,1
interview_question_1.webm,1283,77.36683417085428,1
interview_question_1.webm,1284,77.42713567839196,1
interview_question_1.webm,1285,77.48743718592965,1
interview_question_1.webm,1286,77.54773869346734,1
interview_question_1.webm,1287,77.60804020100502,1
interview_question_1.webm,1288,77.66834170854271,1
interview_question_1.webm,1289,77.72864321608041,1
interview_question_1.webm,1290,77.7889447236181,1
interview_question_1.webm,1291,77.84924623115579,1
interview_question_1.webm,1292,77.90954773869348,1
interview_question_1.webm,1293,77.96984924623116,1
interview_question_1.webm,1294,78.03015075376885,1
interview_question_1.webm,1295,78.09045226130654,1
interview_question_1.webm,1296,78.15075376884423,1
interview_question_1.webm,1297,78.21105527638191,1
interview_question_1.webm,1298,78.2713567839196,1
interview_question_1.webm,1299,78.33165829145729,1
interview_question_1.webm,1300,78.39195979899498,1
interview_question_1.webm,1301,78.45226130653266,1
interview_question_1.webm,1302,78.51256281407036,1
interview_question_1.webm,1303,78.57286432160805,1
interview_question_1.webm,1304,78.63316582914574,1
interview_question_1.webm,1305,78.69346733668343,1
interview_question_1.webm,1306,78.75376884422111,1
interview_question_1.webm,1307,78.8140703517588,1
interview_question_1.webm,1308,78.87437185929649,1
interview_question_1.webm,1309,78.93467336683418,1
interview_question_1.webm,1310,78.99497487437186,1
interview_question_1.webm,1311,79.05527638190955,1
interview_question_1.webm,1312,79.11557788944724,1
interview_question_1.webm,1313,79.17587939698493,1
interview_question_1.webm,1314,79.23618090452261,1
interview_question_1.webm,1315,79.29648241206031,1
interview_question_1.webm,1316,79.356783919598,1
interview_question_1.webm,1317,79.41708542713569,1
interview_question_1.webm,1318,79.47738693467338,1
interview_question_1.webm,1319,79.53768844221106,1
interview_question_1.webm,1320,79.59798994974875,1
interview_question_1.webm,1321,79.65829145728644,1
interview_question_1.webm,1322,79.71859296482413,1
interview_question_1.webm,1323,79.77889447236181,1
interview_question_1.webm,1324,79.8391959798995,1
interview_question_1.webm,1325,79.89949748743719,1
interview_question_1.webm,1326,79.95979899497488,1
interview_question_1.webm,1327,80.02010050251256,1
interview_question_1.webm,1328,80.08040201005026,1
interview_question_1.webm,1329,80.14070351758795,1
interview_question_1.webm,1330,80.20100502512564,1
interview_question_1.webm,1331,80.26130653266333,1
interview_question_1.webm,1332,80.32160804020101,1
interview_question_1.webm,1333,80.3819095477387,1
interview_question_1.webm,1334,80.44221105527639,1
interview_question_1.webm,1335,80.50251256281408,1
interview_question_1.webm,1336,80.56281407035176,1
interview_question_1.webm,1337,80.62311557788945,1
interview_question_1.webm,1338,80.68341708542714,1
interview_question_1.webm,1339,80.74371859296483,1
interview_question_1.webm,1340,80.80402010050251,1
interview_question_1.webm,1341,80.8643216080402,1
interview_question_1.webm,1342,80.9246231155779,1
interview_question_1.webm,1343,80.98492462311559,1
interview_question_1.webm,1344,81.04522613065328,1
interview_question_1.webm,1345,81.10552763819096,1
interview_question_1.webm,1346,81.16582914572865,1
interview_question_1.webm,1347,81.22613065326634,1
interview_question_1.webm,1348,81.28643216080403,1
interview_question_1.webm,1349,81.34673366834171,1
interview_question_1.webm,1350,81.4070351758794,1
interview_question_1.webm,1351,81.46733668341709,1
interview_question_1.webm,1352,81.52763819095478,1
interview_question_1.webm,1353,81.58793969849246,1
interview_question_1.webm,1354,81.64824120603015,1
interview_question_1.webm,1355,81.70854271356785,1
interview_question_1.webm,1356,81.76884422110554,1
interview_question_1.webm,1357,81.82914572864323,1
interview_question_1.webm,1358,81.88944723618091,1
interview_question_1.webm,1359,81.9497487437186,1
interview_question_1.webm,1360,82.01005025125629,1
interview_question_1.webm,1361,82.07035175879398,1
interview_question_1.webm,1362,82.13065326633166,1
interview_question_1.webm,1363,82.19095477386935,1
interview_question_1.webm,1364,82.25125628140704,1
interview_question_1.webm,1365,82.31155778894473,1
interview_question_1.webm,1366,82.37185929648241,1
interview_question_1.webm,1367,82.4321608040201,1
interview_question_1.webm,1368,82.4924623115578,1
interview_question_1.webm,1369,82.55276381909549,1
interview_question_1.webm,1370,82.61306532663318,1
interview_question_1.webm,1371,82.67336683417086,1
interview_question_1.webm,1372,82.73366834170855,1
interview_question_1.webm,1373,82.79396984924624,1
interview_question_1.webm,1374,82.85427135678393,1
interview_question_1.webm,1375,82.91457286432161,1
interview_question_1.webm,1376,82.9748743718593,1
interview_question_1.webm,1377,83.03517587939699,1
interview_question_1.webm,1378,83.09547738693468,1
interview_question_1.webm,1379,83.15577889447236,1
interview_question_1.webm,1380,83.21608040201005,1
interview_question_1.webm,1381,83.27638190954775,1
interview_question_1.webm,1382,83.33668341708544,1
interview_question_1.webm,1383,83.39698492462313,1
interview_question_1.webm,1384,83.45728643216081,1
interview_question_1.webm,1385,83.5175879396985,1
interview_question_1.webm,1386,83.57788944723619,1
interview_question_1.webm,1387,83.63819095477388,1
interview_question_1.webm,1388,83.69849246231156,1
interview_question_1.webm,1389,83.75879396984925,1
interview_question_1.webm,1390,83.81909547738694,1
interview_question_1.webm,1391,83.87939698492463,1
interview_question_1.webm,1392,83.93969849246231,1
interview_question_1.webm,1393,84.0,1
interview_question_1.webm,1394,84.06030150753769,1
interview_question_1.webm,1395,84.12060301507539,1
interview_question_1.webm,1396,84.18090452261308,1
interview_question_1.webm,1397,84.24120603015076,1
interview_question_1.webm,1398,84.30150753768845,1
interview_question_1.webm,1399,84.36180904522614,1
interview_question_1.webm,1400,84.42211055276383,1
interview_question_1.webm,1401,84.48241206030151,1
interview_question_1.webm,1402,84.5427135678392,1
interview_question_1.webm,1403,84.60301507537689,1
interview_question_1.webm,1404,84.66331658291458,1
interview_question_1.webm,1405,84.72361809045226,1
interview_question_1.webm,1406,84.78391959798995,1
interview_question_1.webm,1407,84.84422110552764,1
interview_question_1.webm,1408,84.90452261306534,1
interview_question_1.webm,1409,84.96482412060303,1
interview_question_1.webm,1410,85.02512562814071,1
interview_question_1.webm,1411,85.0854271356784,1
interview_question_1.webm,1412,85.14572864321609,1
interview_question_1.webm,1413,85.20603015075378,1
interview_question_1.webm,1414,85.26633165829146,1
interview_question_1.webm,1415,85.32663316582915,1
interview_question_1.webm,1416,85.38693467336684,1
interview_question_1.webm,1417,85.44723618090453,1
interview_question_1.webm,1418,85.50753768844221,1
interview_question_1.webm,1419,85.5678391959799,1
interview_question_1.webm,1420,85.62814070351759,1
interview_question_1.webm,1421,85.68844221105529,1
interview_question_1.webm,1422,85.74874371859298,1
interview_question_1.webm,1423,85.80904522613066,1
interview_question_1.webm,1424,85.86934673366835,1
interview_question_1.webm,1425,85.92964824120604,1
interview_question_1.webm,1426,85.98994974874373,1
interview_question_1.webm,1427,86.05025125628141,1
interview_question_1.webm,1428,86.1105527638191,1
interview_question_1.webm,1429,86.17085427135679,1
interview_question_1.webm,1430,86.23115577889448,1
interview_question_1.webm,1431,86.29145728643216,1
interview_question_1.webm,1432,86.35175879396985,1
interview_question_1.webm,1433,86.41206030150754,1
interview_question_1.webm,1434,86.47236180904524,1
interview_question_1.webm,1435,86.53266331658293,1
interview_question_1.webm,1436,86.59296482412061,1
interview_question_1.webm,1437,86.6532663316583,1
interview_question_1.webm,1438,86.71356783919599,1
interview_question_1.webm,1439,86.77386934673368,1
interview_question_1.webm,1440,86.83417085427136,1
interview_question_1.webm,1441,86.89447236180905,1
interview_question_1.webm,1442,86.95477386934674,1
interview_question_1.webm,1443,87.01507537688443,1
interview_question_1.webm,1444,87.07537688442211,1
interview_question_1.webm,1445,87.1356783919598,1
interview_question_1.webm,1446,87.19597989949749,1
interview_question_1.webm,1447,87.25628140703519,1
interview_question_1.webm,1448,87.31658291457288,1
interview_question_1.webm,1449,87.37688442211056,1
interview_question_1.webm,1450,87.43718592964825,1
interview_question_1.webm,1451,87.49748743718594,1
interview_question_1.webm,1452,87.55778894472363,1
interview_question_1.webm,1453,87.61809045226131,1
interview_question_1.webm,1454,87.678391959799,1
interview_question_1.webm,1455,87.73869346733669,1
interview_question_1.webm,1456,87.79899497487438,1
interview_question_1.webm,1457,87.85929648241206,1
interview_question_1.webm,1458,87.91959798994975,1
interview_question_1.webm,1459,87.97989949748744,1
interview_question_1.webm,1460,88.04020100502512,1
interview_question_1.webm,1461,88.10050251256283,1
interview_question_1.webm,1462,88.16080402010051,1
interview_question_1.webm,1463,88.2211055276382,1
interview_question_1.webm,1464,88.28140703517589,1
interview_question_1.webm,1465,88.34170854271358,1
interview_question_1.webm,1466,88.40201005025126,1
interview_question_1.webm,1467,88.46231155778895,1
interview_question_1.webm,1468,88.52261306532664,1
interview_question_1.webm,1469,88.58291457286433,1
interview_question_1.webm,1470,88.64321608040201,1
interview_question_1.webm,1471,88.7035175879397,1
interview_question_1.webm,1472,88.76381909547739,1
interview_question_1.webm,1473,88.82412060301507,1
interview_question_1.webm,1474,88.88442211055278,1
interview_question_1.webm,1475,88.94472361809046,1
interview_question_1.webm,1476,89.00502512562815,1
interview_question_1.webm,1477,89.06532663316584,1
interview_question_1.webm,1478,89.12562814070353,1
interview_question_1.webm,1479,89.18592964824121,1
interview_question_1.webm,1480,89.2462311557789,1
interview_question_1.webm,1481,89.30653266331659,1
interview_question_1.webm,1482,89.36683417085428,1
interview_question_1.webm,1483,89.42713567839196,1
interview_question_1.webm,1484,89.48743718592965,1
interview_question_1.webm,1485,89.54773869346734,1
interview_question_1.webm,1486,89.60804020100502,1
interview_question_1.webm,1487,89.66834170854273,1
interview_question_1.webm,1488,89.72864321608041,1
interview_question_1.webm,1489,89.7889447236181,1
interview_question_1.webm,1490,89.84924623115579,1
interview_question_1.webm,1491,89.90954773869348,1
interview_question_1.webm,1492,89.96984924623116,1
interview_question_1.webm,1493,90.03015075376885,1
interview_question_1.webm,1494,90.09045226130654,1
interview_question_1.webm,1495,90.15075376884423,1
interview_question_1.webm,1496,90.21105527638191,1
interview_question_1.webm,1497,90.2713567839196,1
interview_question_1.webm,1498,90.33165829145729,1
interview_question_1.webm,1499,90.39195979899498,1
interview_question_1.webm,1500,90.45226130653268,1
interview_question_1.webm,1501,90.51256281407036,1
interview_question_1.webm,1502,90.57286432160805,1
interview_question_1.webm,1503,90.63316582914574,1
interview_question_1.webm,1504,90.69346733668343,1
interview_question_1.webm,1505,90.75376884422111,1
interview_question_1.webm,1506,90.8140703517588,1
interview_question_1.webm,1507,90.87437185929649,1
interview_question_1.webm,1508,90.93467336683418,1
interview_question_1.webm,1509,90.99497487437186,1
interview_question_1.webm,1510,91.05527638190955,1
interview_question_1.webm,1511,91.11557788944724,1
interview_question_1.webm,1512,91.17587939698493,1
interview_question_1.webm,1513,91.23618090452263,1
interview_question_1.webm,1514,91.29648241206031,1
interview_question_1.webm,1515,91.356783919598,1
interview_question_1.webm,1516,91.41708542713569,1
interview_question_1.webm,1517,91.47738693467338,1
interview_question_1.webm,1518,91.53768844221106,1
interview_question_1.webm,1519,91.59798994974875,1
interview_question_1.webm,1520,91.65829145728644,1
interview_question_1.webm,1521,91.71859296482413,1
interview_question_1.webm,1522,91.77889447236181,1
interview_question_1.webm,1523,91.8391959798995,1
interview_question_1.webm,1524,91.89949748743719,1
interview_question_1.webm,1525,91.95979899497488,1
interview_question_1.webm,1526,92.02010050251256,1
interview_question_1.webm,1527,92.08040201005026,1
interview_question_1.webm,1528,92.14070351758795,1
interview_question_1.webm,1529,92.20100502512564,1
interview_question_1.webm,1530,92.26130653266333,1
interview_question_1.webm,1531,92.32160804020101,1
interview_question_1.webm,1532,92.3819095477387,1
interview_question_1.webm,1533,92.44221105527639,1
interview_question_1.webm,1534,92.50251256281408,1
interview_question_1.webm,1535,92.56281407035176,1
interview_question_1.webm,1536,92.62311557788945,1
interview_question_1.webm,1537,92.68341708542714,1
interview_question_1.webm,1538,92.74371859296483,1
interview_question_1.webm,1539,92.80402010050251,1
interview_question_1.webm,1540,92.86432160804021,1
interview_question_1.webm,1541,92.9246231155779,1
interview_question_1.webm,1542,92.98492462311559,1
interview_question_1.webm,1543,93.04522613065328,1
interview_question_1.webm,1544,93.10552763819096,1
